{
  "m_useUdp": true,
  "m_targetPortId": 2507,
  "m_targetIp": "127.0.0.1",
  "m_memoryFileName": "OMICommandLines",
  "m_skipAreYouReady": true,
  "m_timeInMilliseconds": 5,
  "m_audioListeners": [
   
    {
      "m_processTitle": "wow",
      "m_processIndex": 0,
      "m_minVolume": 0.7,
      "m_maxVolume": 1.0,
      "m_toBooleanName": "wowAudio0",
      "m_generatedId": "wow0wowAudio0"
    },
    {
      "m_processTitle": "wow",
      "m_processIndex": 1,
      "m_minVolume": 0.7,
      "m_maxVolume": 1.0,
      "m_toBooleanName": "wowAudio1",
      "m_generatedId": "wow1wowAudio1"
    },
    {
      "m_processTitle": "wow",
      "m_processIndex": 2,
      "m_minVolume": 0.7,
      "m_maxVolume": 1.0,
      "m_toBooleanName": "wowAudio2",
      "m_generatedId": "wow2wowAudio2"
    },
    {
      "m_processTitle": "wow",
      "m_processIndex": 3,
      "m_minVolume": 0.7,
      "m_maxVolume": 1.0,
      "m_toBooleanName": "wowAudio3",
      "m_generatedId": "wow3wowAudio3"
    },
    {
      "m_processTitle": "wow",
      "m_processIndex": 4,
      "m_minVolume": 0.7,
      "m_maxVolume": 1.0,
      "m_toBooleanName": "wowAudio4",
      "m_generatedId": "wow4wowAudio4"
    },
    {
      "m_processTitle": "wow",
      "m_processIndex": 5,
      "m_minVolume": 0.7,
      "m_maxVolume": 1.0,
      "m_toBooleanName": "wowAudio5",
      "m_generatedId": "wow5wowAudio5"
    },
    {
      "m_processTitle": "wow",
      "m_processIndex": 6,
      "m_minVolume": 0.7,
      "m_maxVolume": 1.0,
      "m_toBooleanName": "wowAudio6",
      "m_generatedId": "wow6wowAudio6"
    },
    {
      "m_processTitle": "wow",
      "m_processIndex": 7,
      "m_minVolume": 0.7,
      "m_maxVolume": 1.0,
      "m_toBooleanName": "wowAudio7",
      "m_generatedId": "wow7wowAudio7"
    },
    {
      "m_processTitle": "wow",
      "m_processIndex": 8,
      "m_minVolume": 0.7,
      "m_maxVolume": 1.0,
      "m_toBooleanName": "wowAudio8",
      "m_generatedId": "wow8wowAudio8"
    },
    {
      "m_processTitle": "wow",
      "m_processIndex": 9,
      "m_minVolume": 0.7,
      "m_maxVolume": 1.0,
      "m_toBooleanName": "wowAudio9",
      "m_generatedId": "wow9wowAudio9"
    },
    {
      "m_processTitle": "firefox",
      "m_processIndex": 0,
      "m_minVolume": 0.7,
      "m_maxVolume": 0.15,
      "m_toBooleanName": "firefoxAudio0Low",
      "m_generatedId": "firefox0firefoxAudio0Low"
    },
    {
      "m_processTitle": "firefox",
      "m_processIndex": 0,
      "m_minVolume": 0.7,
      "m_maxVolume": 0.7,
      "m_toBooleanName": "firefoxAudio0medium",
      "m_generatedId": "firefox0firefoxAudio0medium"
    },
    {
      "m_processTitle": "firefox",
      "m_processIndex": 0,
      "m_minVolume": 0.7,
      "m_maxVolume": 1.0,
      "m_toBooleanName": "firefoxAudio0Hight",
      "m_generatedId": "firefox0firefoxAudio0Hight"
    }
  ]
}