{
  "m_targetPortId": 2506,
  "m_targetIp": "127.0.0.1",
  "m_minSound": 0.05,
  "m_maxSound": 1.0,
  "audioListeners": [
    {
      "m_processTitle": "wow",
      "m_processIndex": 0,
      "m_minVolume": 0.05,
      "m_maxVolume": 0.15,
      "m_toBooleanName": "wowAudio0Low",
      "m_id": "wow0wowAudio0Low"
    },
    {
      "m_processTitle": "wow",
      "m_processIndex": 0,
      "m_minVolume": 0.15,
      "m_maxVolume": 0.7,
      "m_toBooleanName": "wowAudio0medium",
      "m_id": "wow0wowAudio0medium"
    },
    {
      "m_processTitle": "wow",
      "m_processIndex": 0,
      "m_minVolume": 0.7,
      "m_maxVolume": 1.0,
      "m_toBooleanName": "wowAudio0Hight",
      "m_id": "wow0wowAudio0Hight"
    },
    {
      "m_processTitle": "wow",
      "m_processIndex": 0,
      "m_minVolume": 0.05,
      "m_maxVolume": 1.0,
      "m_toBooleanName": "wowAudio0",
      "m_id": "wow0wowAudio0"
    },
    {
      "m_processTitle": "wow",
      "m_processIndex": 1,
      "m_minVolume": 0.05,
      "m_maxVolume": 1.0,
      "m_toBooleanName": "wowAudio1",
      "m_id": "wow1wowAudio1"
    },
    {
      "m_processTitle": "wow",
      "m_processIndex": 2,
      "m_minVolume": 0.05,
      "m_maxVolume": 1.0,
      "m_toBooleanName": "wowAudio2",
      "m_id": "wow2wowAudio2"
    },
    {
      "m_processTitle": "wow",
      "m_processIndex": 3,
      "m_minVolume": 0.05,
      "m_maxVolume": 1.0,
      "m_toBooleanName": "wowAudio3",
      "m_id": "wow3wowAudio3"
    },
    {
      "m_processTitle": "wow",
      "m_processIndex": 4,
      "m_minVolume": 0.05,
      "m_maxVolume": 1.0,
      "m_toBooleanName": "wowAudio4",
      "m_id": "wow4wowAudio4"
    },
    {
      "m_processTitle": "wow",
      "m_processIndex": 5,
      "m_minVolume": 0.05,
      "m_maxVolume": 1.0,
      "m_toBooleanName": "wowAudio5",
      "m_id": "wow5wowAudio5"
    },
    {
      "m_processTitle": "wow",
      "m_processIndex": 6,
      "m_minVolume": 0.05,
      "m_maxVolume": 1.0,
      "m_toBooleanName": "wowAudio6",
      "m_id": "wow6wowAudio6"
    },
    {
      "m_processTitle": "wow",
      "m_processIndex": 7,
      "m_minVolume": 0.05,
      "m_maxVolume": 1.0,
      "m_toBooleanName": "wowAudio7",
      "m_id": "wow7wowAudio7"
    },
    {
      "m_processTitle": "wow",
      "m_processIndex": 8,
      "m_minVolume": 0.05,
      "m_maxVolume": 1.0,
      "m_toBooleanName": "wowAudio8",
      "m_id": "wow8wowAudio8"
    },
    {
      "m_processTitle": "wow",
      "m_processIndex": 9,
      "m_minVolume": 0.05,
      "m_maxVolume": 1.0,
      "m_toBooleanName": "wowAudio9",
      "m_id": "wow9wowAudio9"
    },
    {
      "m_processTitle": "firefox",
      "m_processIndex": 0,
      "m_minVolume": 0.05,
      "m_maxVolume": 1.0,
      "m_toBooleanName": "firefox",
      "m_id": "firefox0"
    }
  ]
}